,Class_ID,Name,Sample_Num,Flag, Gender,Start_Idx
0,n000810," ""Ashley_Olsen""",843,1, f,283985
1,n004806," ""Kim_Ryeowook""",814,1, m,1641643
2,n001586," ""Cho_Kyuhyun""",761,1, m,550998
3,n004563," ""Kareena_Kapoor_Khan""",761,0, f,3141890
4,n008328," ""Sussanne_Khan""",746,1, f,2823382
5,n000270," ""Alexa_Chung""",720,1, f,93284
6,n002746," ""Fearne_Cotton""",711,1, f,949281
7,n004270," ""Jonathan_Borlée""",699,1, m,1463275
8,n004615," ""Kate_Garraway""",698,1, f,1580911
9,n005089," ""Leeteuk""",696,1, m,1740602
10,n002644," ""Eunhyuk""",692,1, m,916320
11,n000419," ""Amy_Adams""",689,1, f,146196
12,n004589," ""Karlie_Kloss""",689,1, f,1571072
13,n003030," ""Georgia_May_Jagger""",685,1, f,1039950
14,n004936," ""Kwon_Yuri""",680,1, f,1684355
15,n001583," ""Chloé_Dufour-Lapointe""",679,1, f,549364
16,n000266," ""Alex_Salmond""",677,1, m,91538
17,n004543," ""Kamilla_Baar""",676,1, f,1556529
18,n005018," ""Lauren_Conrad""",676,1, f,1715424
19,n001316," ""Camila_Alves""",675,1, f,454449
20,n001771," ""Cole_Sprouse""",675,1, m,619305
21,n008059," ""Sienna_Miller""",674,1, f,2731121
22,n007120," ""Rachel_Bilson""",673,1, f,2413267
23,n008165," ""Sophia_Bush""",672,1, f,2767486
24,n008568," ""Tina_Fey""",672,1, f,2904067
25,n001765," ""Coco_Rocha""",671,1, f,616454
26,n004610," ""Katarzyna_Cichopek""",669,1, f,1578994
27,n001508," ""Chanel_Iman""",665,1, f,522559
28,n004373," ""Jourdan_Dunn""",665,1, f,1497216
29,n003712," ""Jada_Pinkett_Smith""",662,1, f,1268746
30,n008388," ""Tamara_Arciuch""",661,1, m,2844122
31,n001773," ""Coleen_Rooney""",660,1, f,620389
32,n000472," ""Andie_MacDowell""",658,1, f,164921
33,n007139," ""Radosław_Sikorski""",658,1, m,2420107
34,n005449," ""Malaika_Arora_Khan""",657,1, f,1856752
35,n004042," ""Jessica_Hart""",656,1, f,1384690
36,n001657," ""Christine_Lagarde""",654,1, f,577742
37,n004831," ""Kinga_Rusin""",654,1, f,1649530
38,n004844," ""Kirsten_Dunst""",654,1, f,1654334
39,n000633," ""Anna_Mucha""",653,1, f,223452
40,n001700," ""Claire_Danes""",652,1, f,592950
41,n000812," ""Ashley_Tisdale""",651,1, f,285137
42,n001775," ""Colin_Farrell""",651,1, m,621368
43,n006776," ""Park_Ji-yeon""",650,1, f,2293356
44,n001391," ""Carme_Chacón""",649,1, f,481399
45,n002016," ""David_Archuleta""",649,1, m,700793
46,n005175," ""Lily_Aldridge""",649,1, f,1765581
47,n000202," ""Alberto_Núñez_Feijóo""",648,1, m,67239
48,n002165," ""Dia_Mirza""",648,1, f,752983
49,n005015," ""Laura_Whitmore""",647,1, f,1713887
50,n001242," ""Bronisław_Komorowski""",644,0, m,3141890
51,n004097," ""Jimi_Blue_Ochsenknecht""",644,1, m,1402601
52,n008502," ""Theodora_Richards""",643,1, f,2881692
53,n003217," ""Grzegorz_Schetyna""",641,0, m,3141890
54,n002547," ""Emmy_Rossum""",640,1, f,882696
55,n007619," ""Russell_Brand""",640,1, m,2585520
56,n007787," ""Sarah_Jessica_Parker""",640,1, f,2641653
57,n000234," ""Alesha_Dixon""",639,1, f,79684
58,n004142," ""Joanna_Liszowska""",639,1, f,1418688
59,n008223," ""Stephanie_Pratt""",639,1, f,2787744
60,n001878," ""Dalia_Grybauskaitė""",638,0, m,3141890
61,n007590," ""Rozalia_Mancewicz""",638,1, f,2575128
62,n001566," ""Cheryl_Cole""",637,1, f,543550
63,n006596," ""Noel_Gallagher""",637,1, m,2233991
64,n006011," ""Michael_Mronz""",636,1, m,2037982
65,n004093," ""Jim_Parsons""",635,1, m,1401044
66,n000577," ""Angela_Simmons""",631,1, f,203425
67,n000804," ""Ashlee_Simpson""",631,1, f,281359
68,n001145," ""Boris_Johnson""",631,1, m,400430
69,n001759," ""Clémence_Poésy""",631,1, f,614015
70,n003478," ""Holly_Willoughby""",629,1, f,1192055
71,n004913," ""Krysten_Ritter""",628,1, f,1677281
72,n001727," ""Claudia_Schiffer""",625,1, f,602630
73,n002888," ""François_Fillon""",625,1, m,991433
74,n000225," ""Aleksander_Kwaśniewski""",623,1, m,76294
75,n006359," ""Naomi_Watts""",623,1, f,2155129
76,n000628," ""Anna_Komorowska""",622,1, f,220999
77,n003819," ""Janelle_Monae""",621,1, f,1306390
78,n005176," ""Lily_Donaldson""",620,1, f,1766230
79,n005415," ""Magdalena_Gessler""",620,1, f,1844759
80,n004407," ""Jude_Law""",619,1, m,1508278
81,n005249," ""Lorraine_Kelly""",619,1, f,1789793
82,n001495," ""Cezary_Pazura""",618,1, m,517412
83,n004617," ""Kate_Hudson""",618,1, f,1582093
84,n000314," ""Alfredo_Pérez_Rubalcaba""",617,1, m,109234
85,n003988," ""Jenny_McCarthy""",617,1, f,1366548
86,n008361," ""Ségolène_Royal""",617,0, f,3141890
87,n003453," ""Hilary_Rhoda""",615,1, f,1184467
88,n003977," ""Jennifer_Hawkins""",615,1, f,1361969
89,n004152," ""Jodie_Marsh""",615,1, f,1423151
90,n005334," ""Luis_Suárez""",614,0, m,3141890
91,n006478," ""Nick_Frost""",614,1, m,2194723
92,n007037," ""Pixie_Geldof""",614,1, f,2382867
93,n000302," ""Alexis_Tsipras""",613,1, m,104996
94,n002664," ""Evangelos_Venizelos""",611,0, m,3141890
95,n004703," ""Kelly_Ripa""",611,1, f,1609447
96,n005898," ""Małgorzata_Foremniak""",611,1, f,1998893
97,n004265," ""Jonah_Hill""",610,1, m,1461161
98,n004508," ""Jürgen_Klopp""",610,1, m,1543363
99,n006672," ""Olly_Murs""",610,1, m,2258752
100,n008520," ""Thomas_Brodie-Sangster""",610,1, m,2888232
101,n009171," ""Zendaya""",610,1, f,3106128
102,n001235," ""Brittany_Snow""",609,1, f,429793
103,n004820," ""Kimberley_Walsh""",609,1, f,1645495
104,n006400," ""Natasza_Urbańska""",609,1, f,2169720
105,n007235," ""Raveena_Tandon""",609,1, f,2452519
106,n002061," ""David_Walliams""",608,1, m,718000
107,n006860," ""Paula_Abdul""",608,1, f,2321828
108,n004533," ""Kalki_Koechlin""",607,1, f,1552446
109,n007785," ""Sarah_Harding""",607,1, f,2640695
110,n008013," ""Shenae_Grimes""",607,1, f,2717523
111,n000835," ""Avril_Lavigne""",606,1, f,294301
112,n002537," ""Emma_Thompson""",606,1, f,878889
113,n004843," ""Kirron_Kher""",606,1, f,1653728
114,n005191," ""Lindsey_Wixson""",606,1, f,1770422
115,n007229," ""Rashida_Jones""",606,1, f,2450155
116,n000395," ""Amber_Heard""",605,1, f,137537
117,n001547," ""Charlotte_Casiraghi""",605,1, f,536320
118,n004290," ""Joo_Sang-wook""",605,1, m,1470168
119,n005413," ""Magdalena_Cielecka""",605,1, f,1843597
120,n002339," ""Ed_Balls""",604,1, m,811821
121,n004800," ""Kim_Kyu-jong""",604,1, m,1639934
122,n006846," ""Paul_McCartney""",604,1, m,2317323
123,n000097," ""Adrienne_Bailon""",603,1, f,31953
124,n001584," ""Chloë_Sevigny""",603,1, f,550043
125,n002115," ""Delta_Goodrem""",603,1, f,734574
126,n003374," ""Haylie_Duff""",603,1, f,1158598
127,n003392," ""Heidi_Klum""",603,1, f,1164950
128,n008917," ""Viola_Davis""",603,1, f,3020016
129,n004656," ""Katie_Price""",602,1, f,1595185
130,n007331," ""Richard_Armitage""",601,1, m,2487427
131,n007993," ""Shauna_Sand""",601,1, f,2710184
132,n004439," ""Julianna_Margulies""",600,1, f,1519505
133,n007981," ""Sharon_Stone""",600,1, f,2705629
134,n002538," ""Emma_Willis""",599,1, f,879495
135,n005396," ""Maciej_Zakoscielny""",599,1, m,1837108
136,n005483," ""Manpei_Takagi""",599,1, m,1869405
137,n007564," ""Rose_McGowan""",599,1, f,2565503
138,n000885," ""Bar_Refaeli""",597,1, f,311071
139,n001961," ""Dannii_Minogue""",597,1, f,683265
140,n002886," ""François_Bayrou""",597,1, m,990501
141,n003831," ""Janusz_Palikot""",597,1, m,1310767
142,n000228," ""Aleksandra_Kwasniewska""",596,1, f,77728
143,n004216," ""John_Kerry""",596,1, m,1445807
144,n007575," ""Ross_Antony""",596,1, m,2569425
145,n000640," ""AnnaLynne_McCord""",595,1, f,226197
146,n002502," ""Elżbieta_Bieńkowska""",595,1, f,866941
147,n002654," ""Eva_Mendes""",595,1, f,919785
148,n007658," ""Ryutaro_Morimoto""",595,1, m,2598402
149,n000080," ""Aditi_Rao_Hydari""",594,1, m,25688
150,n001146," ""Boris_Tadić""",594,0, m,3141890
151,n007960," ""Shane_Filan""",594,1, m,2697222
152,n001917," ""Daniel_Brühl""",593,1, m,668846
153,n003658," ""Izabel_Goulart""",593,1, f,1250940
154,n005292," ""Luca_Cordero_di_Montezemolo""",593,1, m,1805083
155,n003746," ""Jamelia""",592,1, f,1280855
156,n005653," ""Mario_López""",592,1, m,1926014
157,n007034," ""Pippa_Middleton""",592,1, f,2381561
158,n002842," ""Franca_Sozzani""",591,1, f,977781
159,n004418," ""Juhi_Chawla""",591,1, f,1512821
160,n005219," ""Liv_Tyler""",591,1, f,1780224
161,n000956," ""Benedict_Cumberbatch""",590,1, m,334628
162,n001006," ""Bethenny_Frankel""",590,1, f,352686
163,n004038," ""Jessica_Burciaga""",590,1, f,1383127
164,n004565," ""Karel_Schwarzenberg""",590,1, m,1564278
165,n006904," ""Peer_Steinbrück""",590,1, m,2337123
166,n007560," ""Rosanna_Scotto""",590,1, f,2563942
167,n005180," ""Linda_Evangelista""",589,1, m,1767412
168,n005464," ""Mammootty""",589,1, m,1862770
169,n005779," ""María_Teresa_Campos""",589,1, f,1963171
170,n008186," ""Sridevi""",589,1, f,2774695
171,n000282," ""Alexander_Skarsgård""",588,1, m,97889
172,n005318," ""Lucy_Watson""",588,1, f,1812494
173,n005901," ""Małgorzata_Socha""",588,1, f,2000212
174,n006503," ""Nicola_Roberts""",588,1, f,2203633
175,n007129," ""Rachel_Weisz""",588,1, f,2416408
176,n008586," ""Tobias_Moretti""",588,1, m,2910689
177,n001028," ""Bianca_Balti""",587,1, f,360072
178,n001333," ""Candace_Cameron-Bure""",587,1, f,460696
179,n001535," ""Charlie_Carver""",587,1, m,531843
180,n002255," ""Dominika_Ostałowska""",587,1, f,783823
181,n002350," ""Eddie_Redmayne""",587,1, m,815694
182,n001658," ""Christine_Lieberknecht""",586,1, f,578396
183,n000129," ""Ahmet_Davutoğlu""",585,0, m,3141890
184,n003126," ""Gisele_Bündchen""",585,1, f,1071338
185,n005338," ""Luisana_Lopilato""",585,1, f,1818314
186,n005442," ""Maja_Ostaszewska""",585,1, f,1854146
187,n006410," ""Nathalie_Kosciusko-Morizet""",585,1, f,2172963
188,n008927," ""Vitali_Klitschko""",585,1, m,3023703
189,n001693," ""Ciara""",584,1, f,589800
190,n003316," ""Hanna_Gronkiewicz-Waltz""",584,1, f,1136608
191,n004957," ""La_Toya_Jackson""",584,1, f,1692203
192,n005758," ""Marvin_Humes""",584,0, m,3141890
193,n007887," ""Selahattin_Demirtaş""",584,1, m,2674348
194,n002397," ""Edyta_Olszówka""",583,1, f,830547
195,n003324," ""Hannelore_Kraft""",583,1, f,1139655
196,n003817," ""Jane_Krakowski""",583,1, f,1305455
197,n003923," ""Jean-Luc_Mélenchon""",583,1, m,1342552
198,n002476," ""Ellen_Page""",582,1, f,857378
199,n004045," ""Jessica_Mauboy""",582,1, f,1386175
200,n004422," ""Julia_Gillard""",582,1, f,1514413
201,n008064," ""Sigmar_Gabriel""",582,1, m,2733170
202,n001319," ""Camilla_Rosso""",581,1, f,455468
203,n002522," ""Emily_Ratajkowski""",581,1, f,873499
204,n000255," ""Alex_Ferguson""",580,1, m,87521
205,n000727," ""Antonis_Samaras""",580,1, m,256129
206,n000785," ""Arsène_Wenger""",580,0, m,3141890
207,n003615," ""Isabeli_Fontana""",580,1, f,1236028
208,n005164," ""Liev_Schreiber""",580,1, m,1761810
209,n005829," ""Matthew_Bellamy""",580,1, m,1978076
210,n005982," ""Michael_B._Jordan""",580,1, m,2027327
211,n007546," ""Ronnie_Wood""",580,1, m,2559165
212,n001493," ""Cesc_Fàbregas""",579,1, m,516381
213,n005080," ""Lee_Sun-yeol""",579,1, m,1736876
214,n007237," ""Raven-Symoné""",579,1, f,2453522
215,n001588," ""Choi_Siwon""",578,1, m,552323
216,n001592," ""Chris_Christie""",578,1, m,554026
217,n007209," ""Rana_Daggubati""",578,1, m,2442893
218,n001221," ""Bridget_Marquardt""",577,1, f,424090
219,n001549," ""Charlotte_Hawkins""",577,1, f,537420
220,n002278," ""Donny_Osmond""",577,1, m,790400
221,n004443," ""Julie_Bowen""",577,1, f,1520875
222,n005022," ""Lauren_Pope""",577,1, f,1717290
223,n005493," ""Manuel_Valls""",577,1, m,1872951
224,n004510," ""Jürgen_Trittin""",576,1, m,1544342
225,n004826," ""Kimora_Lee_Simmons""",576,0, f,3141890
226,n007079," ""Priyamani""",576,1, f,2398159
227,n003303," ""Halle_Berry""",575,1, f,1131917
228,n003653," ""Ivo_Josipović""",574,0, m,3141890
229,n007540," ""Ronn_Moss""",574,1, m,2557006
230,n007975," ""Shanthanu_Bhagyaraj""",574,1, f,2702867
231,n001368," ""Carlo_Conti""",573,0, m,3141890
232,n000103," ""Aftab_Shivdasani""",572,1, m,34529
233,n000941," ""Belén_Rueda""",572,1, f,330060
234,n001659," ""Christine_Neubauer""",572,1, f,578982
235,n002947," ""Gabrielle_Union""",572,1, f,1010648
236,n003995," ""Jenson_Button""",572,1, m,1369259
237,n005419," ""Magdalena_Różczka""",572,1, f,1846436
238,n005533," ""Marcin_Dorociński""",572,1, m,1886737
239,n006442," ""Neha_Dhupia""",572,1, f,2183777
240,n002678," ""Ewa_Kasprzyk""",571,1, f,927010
241,n003476," ""Holly_Robinson_Peete""",571,1, f,1191263
242,n005305," ""Luciana_Littizzetto""",571,1, f,1808886
243,n008037," ""Shinzō_Abe""",571,0, m,3141890
244,n008440," ""Taylor_Schilling""",571,1, f,2861604
245,n001392," ""Carmelo_Anthony""",570,1, m,482048
246,n003908," ""Jean_Todt""",568,1, m,1337137
247,n004178," ""Joey_Tempest""",568,1, m,1433002
248,n004718," ""Kenan_İmirzalıoğlu""",568,1, m,1613770
249,n005814," ""Matt_Cardle""",568,1, m,1973313
250,n007616," ""Rupert_Grint""",568,1, m,2584137
251,n001148," ""Borys_Szyc""",567,1, m,401467
252,n002741," ""Fatih_Terim""",567,1, m,947462
253,n003021," ""George_Osborne""",567,1, m,1036508
254,n004561," ""Karan_Tacker""",567,1, m,1562899
255,n007009," ""Pier_Ferdinando_Casini""",567,1, m,2373225
256,n007938," ""Serzh_Sargsyan""",567,1, m,2690021
257,n001768," ""Cody_Simpson""",566,1, m,617946
258,n002885," ""François_Baroin""",566,1, m,989935
259,n004457," ""Juliette_Binoche""",566,1, f,1525592
260,n006956," ""Petr_Nečas""",566,1, m,2355087
261,n007327," ""Riccardo_Scamarcio""",566,1, m,2485976
262,n007559," ""Rosamund_Pike""",566,1, f,2563376
263,n007969," ""Shankar_Mahadevan""",566,1, m,2700039
264,n003214," ""Greyson_Chance""",565,1, m,1102386
265,n003886," ""Jay_McGuiness""",565,1, m,1330184
266,n006959," ""Petra_Kvitová""",565,1, f,2356621
267,n007280," ""Renata_Kuerten""",565,1, f,2468757
268,n000227," ""Aleksandra_Kisio""",564,1, f,77164
269,n000332," ""Alicia_Vikander""",564,1, f,115971
270,n000554," ""Andrés_Velencoso""",564,1, m,194521
271,n001369," ""Carlo_Verdone""",564,1, m,473222
272,n001587," ""Choi_Ji-woo""",564,1, f,551759
273,n002297," ""Dree_Hemingway""",564,1, f,796858
274,n004591," ""Karmen_Pedaru""",564,1, f,1572099
275,n005312," ""Lucie_Bílá""",564,0, f,3141890
276,n006214," ""Mohanlal""",564,1, m,2105150
277,n000826," ""Audrey_Tautou""",563,1, f,290792
278,n002221," ""Dina_Lohan""",563,1, f,771947
279,n004695," ""Kellie_Pickler""",563,1, f,1606680
280,n009136," ""Yuto_Nakajima""",563,1, m,3092853
281,n003107," ""Ginta_Lapiņa""",562,1, f,1064852
282,n001397," ""Carmen_Kass""",561,1, f,484015
283,n001514," ""Chantelle_Houghton""",561,1, f,525047
284,n003001," ""Genelia_DSouza""",561,0, f,3141890
285,n003181," ""Grace_Gummer""",561,1, f,1090810
286,n003680," ""Jack_Harries""",561,1, m,1257729
287,n006654," ""Olga_Frycz""",561,1, f,2252842
288,n007173," ""Raj_Kundra""",561,1, m,2430266
289,n008545," ""Tia_Mowry""",561,1, f,2896428
290,n000176," ""Alain_Juppé""",560,1, m,58733
291,n001843," ""Cécile_Duflot""",560,1, f,643952
292,n002366," ""Edita_Vilkevičiūtė""",560,1, f,821446
293,n004257," ""Jon_Kortajarena""",560,1, m,1458427
294,n007216," ""Rannvijay_Singh""",560,1, m,2445168
295,n007252," ""Rebecca_Adlington""",560,1, f,2458230
296,n008242," ""Steve_Coogan""",560,1, m,2794765
297,n001728," ""Claudia_Winkleman""",559,1, f,603255
298,n002462," ""Elizabeth_Olsen""",559,1, f,852784
299,n004168," ""Joel_Coen""",559,1, m,1429102
300,n004275," ""Jonathan_Meyers""",559,1, m,1465404
301,n007144," ""Rafael_Benítez""",559,1, m,2421902
302,n008640," ""Toni_Garrn""",559,1, f,2929374
303,n000857," ""Ayushmann_Khurrana""",558,1, m,300797
304,n002572," ""Eric_Bana""",558,1, m,891592
305,n003475," ""Holly_Madison""",558,1, f,1190705
306,n004528," ""Kajal_Aggarwal""",558,1, f,1550813
307,n007177," ""Rajeev_Khandelwal""",558,1, m,2431962
308,n007333," ""Richard_Bruton""",558,1, m,2488399
309,n007946," ""Shabana_Azmi""",558,1, f,2692495
310,n000663," ""Annemarie_Eilfeld""",557,1, f,233555
311,n004144," ""Joaquin_Phoenix""",557,1, m,1419768
312,n004889," ""Krisdayanti""",557,1, f,1669899
313,n005414," ""Magdalena_Frackowiak""",557,1, f,1844202
314,n005643," ""Marine_Le_Pen""",557,1, f,1922657
315,n000438," ""Ana_Beatriz_Barros""",556,1, f,152822
316,n007348," ""Richie_McCaw""",556,1, m,2493531
317,n002142," ""Derek_Blasberg""",555,1, m,744916
318,n003895," ""Jaya_Prada""",555,1, f,1332639
319,n000185," ""Alan_Pardew""",554,1, m,61686
320,n002684," ""Ewan_McGregor""",554,0, m,3141890
321,n004655," ""Katie_Perry""",554,1, f,1594631
322,n006363," ""Narendra_Modi""",554,1, m,2156760
323,n006394," ""Natasha_Hamilton""",554,1, f,2167602
324,n008699," ""Trinidad_Jiménez""",554,1, f,2948372
325,n008761," ""Ursula_von_der_Leyen""",554,1, f,2969393
326,n003485," ""Horst_Seehofer""",553,1, m,1194598
327,n003784," ""Jamie_Hince""",553,1, m,1294238
328,n003912," ""Jean-Claude_Juncker""",553,1, m,1338725
329,n004490," ""Jyothika""",553,1, f,1536718
330,n007493," ""Roger_Federer""",553,1, m,2541756
331,n008603," ""Tom_Daley""",553,1, m,2916672
332,n008715," ""Tulisa_Contostavlos""",553,1, f,2953491
333,n009036," ""Wolfgang_Sobotka""",553,1, m,3059107
334,n001367," ""Carlo_Ancelotti""",552,1, m,472670
335,n002545," ""Emmanuelle_Béart""",552,1, f,881725
336,n003182," ""Grace_Hightower""",552,1, m,1091371
337,n003210," ""Gretchen_Barretto""",552,1, f,1100622
338,n006888," ""Paweł_Deląg""",552,1, m,2331568
339,n008207," ""Stefano_Terrazzino""",552,1, m,2782104
340,n000598," ""Anil_Kapoor""",551,1, m,210634
341,n002447," ""Elisabeth_Röhm""",551,1, f,846932
342,n002789," ""Fernando_Torres""",551,1, m,962433
343,n009035," ""Wolfgang_Schäuble""",551,1, m,3058556
344,n009046," ""Xabi_Alonso""",551,1, m,3062647
345,n001459," ""Catherine_Jenkins""",550,1, f,504432
346,n005420," ""Magdalena_Schejbal""",550,1, f,1847008
347,n006352," ""Nandamuri_Balakrishna""",550,1, m,2152743
